x,y,z,xt,yt,zt
0.110491, -0.059734, -1.231555, , , 
0.133617, -0.078514, -1.232124, , , 
0.519024, -0.632197, -1.753322, , , 
-0.030127, -0.492355, -1.539217, , , 
-0.238656, -0.690407, -1.778468, , , 
0.046099, 0.160697, -1.053678, , , 
-0.317986, -0.358470, -1.529378, , , 
-0.077907, -0.328164, -1.474438, , , 
-0.217695, -0.322904, -1.520166, , , 
0.578745, -0.216324, -1.293310, , , 
0.328008, -0.158589, -1.227298, , , 
0.680966, -0.446622, -1.380597, , , 
0.101564, 0.039208, -1.168173, , , 
0.131063, 0.122418, -1.078960, , , 
-0.342236, -0.613768, -1.714232, , , 
0.253532, 0.102462, -0.978673, , , 
0.383494, 0.043932, -1.082569, , , 
0.334567, -0.272251, -1.323347, , , 
0.245639, 0.015894, -0.949441, , , 
0.432205, 0.036147, -1.016143, , , 
0.027393, -0.129779, -1.262145, , , 
0.280699, -0.216994, -1.282802, , , 
0.419669, -0.158690, -1.211983, , , 
0.294750, -0.501448, -1.628798, , , 
0.285029, -0.588755, -1.709200, , , 
0.149002, 0.173110, -1.035725, , , 
0.432798, 0.010301, -1.083514, , , 
-0.164373, -0.096720, -1.242031, , , 
-0.297770, -0.550681, -1.714251, , , 
0.481916, -0.310733, -1.427322, , , 
0.173607, -0.116192, -1.027699, , , 
-0.013757, 0.194282, -1.035375, , , 
-0.136660, 0.062427, -1.136133, , , 
-0.002079, 0.082266, -1.092467, , , 
0.401240, 0.202510, -0.989756, , , 
0.438888, 0.291291, -0.919898, , , 
0.258144, 0.146817, -1.028205, , , 
0.313527, 0.008227, -0.932691, , , 
-0.139538, -0.207297, -1.334435, , , 
0.428885, 0.034996, -1.016396, , , 
0.190646, -0.093141, -1.210029, , , 
0.243800, 0.066543, -0.948898, , , 
0.291878, -0.039402, -0.956311, , , 
0.315931, -0.009911, -0.926157, , , 
0.195953, 0.045520, -1.010428, , , 
0.283561, 0.228740, -0.986266, , , 
0.210743, -0.050600, -0.980787, , , 
0.056399, 0.093818, -1.115467, , , 
-0.006599, 0.082643, -1.088206, , , 
-0.128868, 0.283780, -0.946166, , , 
0.001901, 0.298033, -0.940434, , , 
0.185269, -0.119683, -1.085626, , , 
0.075489, -0.002543, -1.172485, , , 
0.243702, 0.014124, -0.949740, , , 
0.090010, 0.124877, -1.079198, , , 
0.244895, 0.063889, -0.953611, , , 
0.280249, 0.211197, -0.949038, , , 
-0.106569, 0.176235, -0.976972, , , 
0.242686, 0.010771, -0.953968, , , 
0.384350, -0.334098, -1.394228, , , 
0.397600, 0.003984, -1.058519, , , 
0.211925, -0.048877, -1.033384, , , 
0.186855, -0.116133, -1.106009, , , 
0.032950, 0.161830, -1.066649, , , 
0.103589, 0.110994, -1.082245, , , 
0.277452, 0.220350, -0.925202, , , 
0.006992, 0.294452, -0.933125, , , 
-0.108307, 0.175159, -0.985777, , , 
0.024017, 0.025836, -1.143543, , , 
0.439656, 0.291855, -0.923380, , , 
0.402668, 0.203030, -1.000242, , , 
0.439346, 0.182206, -1.021212, , , 
0.089062, -0.037285, -1.213311, , , 
0.244445, 0.231664, -0.977968, , , 
-0.006804, 0.083182, -1.090293, , , 
0.022046, 0.025582, -1.133693, , , 
0.466373, -0.025892, -1.063486, , , 
0.002396, 0.199731, -1.026953, , , 
-0.000240, -0.547070, -1.589745, , , 
0.025913, -0.128382, -1.255035, , , 
-0.012101, 0.188508, -1.034590, , , 
0.343384, 0.087472, -1.066057, , , 
-0.131146, -0.143608, -1.283392, , , 
0.024032, -0.127477, -1.258958, , , 
0.386163, -0.050816, -1.074670, , , 
-0.070212, -0.130269, -1.267279, , , 
-0.068904, -0.329949, -1.467893, , , 
-0.127361, 0.284583, -0.949134, , , 
-0.158455, -0.102592, -1.239704, , , 
0.193572, -0.101285, -1.123435, , , 
-0.046607, 0.084800, -1.086087, , , 
-0.198767, 0.186499, -1.022246, , , 
0.105869, 0.021782, -1.163674, , , 
0.470990, -0.047763, -1.120494, , , 
-0.004213, -0.162847, -1.286510, , , 
0.299433, -0.038350, -0.959772, , , 
-0.132425, -0.146169, -1.291319, , , 
0.396031, 0.002449, -1.052614, , , 
0.492464, -0.090188, -1.087407, , , 
-0.099237, 0.178193, -0.976621, , , 
0.090848, 0.124110, -1.084540, , , 
0.428938, 0.034257, -1.019453, , , 
0.194063, 0.015613, -1.019208, , , 
0.015601, -0.052979, -1.251628, , , 
0.112042, -0.188387, -1.325805, , , 
-0.122215, 0.127371, -1.042620, , , 
0.130511, 0.122310, -1.077268, , , 
0.032087, 0.141375, -1.099836, , , 
0.142254, -0.084257, -1.222939, , , 
0.180273, -0.094664, -1.196849, , , 
0.395899, -0.336843, -1.411173, , , 
0.349245, -0.434397, -1.563857, , , 
0.334744, -0.155053, -1.246333, , , 
0.505628, -0.246523, -1.349152, , , 
0.281132, 0.209450, -0.966569, , , 
0.319992, -0.003093, -0.967257, , , 
0.034171, -0.169921, -1.289201, , , 
0.182729, -0.088922, -1.175054, , , 
0.394381, 0.051394, -1.059381, , , 
0.393334, -0.336018, -1.404970, , , 
-0.035415, -0.493652, -1.546094, , , 
0.333600, -0.269133, -1.323568, , , 
-0.198898, 0.195242, -1.035997, , , 
0.151544, -0.349186, -1.373453, , , 
0.185243, -0.121994, -1.096647, , , 
0.240719, 0.230027, -0.961504, , , 
-0.221356, -0.320861, -1.518161, , , 
0.102575, 0.022104, -1.166629, , , 
-0.324886, 0.359217, -0.951670, , , 
0.226247, 0.058233, -0.972198, , , 
0.006188, 0.198402, -1.027084, , , 
0.014608, -0.137405, -1.267005, , , 
-0.181607, -0.407349, -1.489813, , , 
0.497226, -0.669922, -1.729191, , , 
0.035342, -0.175884, -1.297049, , , 
-0.226836, -0.321598, -1.521693, , , 
0.439951, 0.033377, -1.060314, , , 
-0.027438, -0.178127, -1.300449, , , 
-0.048476, -0.549296, -1.597076, , , 
0.075188, 0.160341, -1.045652, , , 
-0.076663, -0.623694, -1.692050, , , 
0.285874, -0.590229, -1.716749, , , 
0.240474, -0.455758, -1.564506, , , 
0.017626, -0.355683, -1.459386, , , 
0.500932, -0.237304, -1.375345, , , 
0.549350, -0.276224, -1.360940, , , 
0.286502, -0.585279, -1.704148, , , 
0.688647, -0.471759, -1.466317, , , 
-0.098993, -0.478305, -1.540382, , , 
0.353556, -0.385979, -1.509402, , , 
0.508760, -0.266537, -1.349096, , , 
0.110662, -0.558094, -1.623144, , , 
0.473317, -0.034442, -1.037576, , , 
0.334224, -0.285573, -1.358698, , , 
-0.096778, -0.472627, -1.524859, , , 
-0.071313, -0.329059, -1.468613, , , 
0.034244, -0.172096, -1.291770, , , 
-0.174481, -0.604987, -1.709238, , , 
-0.069693, -0.132787, -1.255230, , , 
0.291630, -0.479298, -1.596373, , , 
-0.003425, 0.083269, -1.091914, , , 
0.071441, -0.365321, -1.499597, , , 
-0.100758, 0.144663, -1.026103, , , 
0.250836, -0.439315, -1.535673, , , 
0.114406, -0.415514, -1.572244, , , 
0.590280, -0.470578, -1.542417, , , 
0.605892, -0.481877, -1.569354, , , 
-0.306918, -0.553286, -1.719578, , , 
0.373141, -0.385312, -1.382658, , , 
0.449345, -0.534437, -1.647889, , , 
0.473159, -0.652819, -1.751374, , , 
0.209525, -0.050847, -0.977560, , , 
0.429630, -0.448960, -1.541498, , , 
0.533920, 0.115623, -1.048389, , , 
-0.131516, 0.234796, -0.950290, , , 
0.342711, 0.084185, -1.054672, , , 
0.587925, -0.546365, -1.476944, , , 
0.490467, -0.344281, -1.442194, , , 
-0.341536, -0.615791, -1.719417, , , 
-0.103651, 0.142053, -1.022015, , , 
0.112572, -0.514124, -1.631046, , , 
0.570034, 0.176154, -1.023430, , , 
0.259923, -0.450840, -1.563099, , , 
0.024780, 0.191939, -1.015252, , , 
0.318857, 0.008388, -0.948603, , , 
0.065860, 0.221018, -0.977394, , , 
0.598250, -0.503921, -1.490766, , , 
0.394243, 0.223886, -0.989409, , , 
0.014818, 0.039376, -1.131930, , , 
0.640662, -0.071237, -1.211071, , , 
-0.208109, -0.554861, -1.636188, , , 
0.325769, 0.035556, -1.135852, , , 
-0.212229, -0.575754, -1.674497, , , 
0.440020, -0.528337, -1.630406, , , 
-0.851324, -0.205496, -2.557203, , , 
-0.100474, -0.486534, -1.555931, , , 
0.603616, -0.503111, -1.496946, , , 
0.211828, 0.107758, -1.051311, , , 
0.335140, -0.156589, -1.238459, , , 
-0.161900, -0.098293, -1.238920, , , 
0.695351, -0.099815, -1.243298, , , 
-0.022746, -0.487973, -1.516551, , , 
0.395622, 0.052341, -1.069953, , , 
0.399470, -0.338167, -1.413635, , , 
0.105171, -0.558620, -1.627885, , , 
-0.015498, 0.056190, -1.124685, , , 
0.327562, -0.111497, -1.196550, , , 
0.545197, -0.561721, -1.654413, , , 
0.508588, -0.238910, -1.006018, , , 
0.345436, 0.047932, -1.030394, , , 
-0.065087, -0.129557, -1.270168, , , 
-0.173138, -0.611414, -1.719627, , , 
0.027233, -0.421012, -1.495776, , , 
0.646767, -0.072020, -1.233800, , , 
0.004726, -0.549265, -1.594889, , , 
-0.170252, -0.605550, -1.704384, , , 
0.404640, 0.203944, -1.003952, , , 
0.534230, -0.261247, -1.317770, , , 
-1.003007, -0.358138, -2.553971, , , 
-0.026699, -0.659076, -1.751889, , , 
-0.029064, -0.088895, -1.220891, , , 
0.420351, -0.164491, -1.211345, , , 
0.543621, -0.503338, -1.595735, , , 
0.493197, -0.313548, -1.454546, , , 
0.279040, -0.123795, -1.185272, , , 
0.521038, -0.625449, -1.740960, , , 
0.097765, 0.024045, -1.165125, , , 
0.283864, 0.227519, -0.982943, , , 
0.701457, 0.129508, -1.028654, , , 
0.475025, 0.290204, -0.919827, , , 
0.975605, -0.086043, -1.173818, , , 
0.474300, -0.038043, -1.019474, , , 
0.910051, 0.004926, -1.469309, , , 
0.712586, -0.060981, -1.273325, , , 
0.570076, 0.255257, -0.953316, , , 
0.150762, -0.083347, -1.304800, , , 
0.383497, -0.049607, -1.062986, , , 
-0.207686, -0.710585, -1.779248, , , 
0.088506, 0.125623, -1.079415, , , 
-0.322403, -0.344673, -1.560393, , , 
0.022934, 0.025634, -1.129829, , , 
0.567294, -0.532186, -1.642337, , , 
-0.857314, -0.536834, -2.082314, , , 
0.568892, 0.191982, -0.962790, , , 
0.073551, -0.000111, -1.171030, , , 
0.093857, 0.089538, -1.107231, , , 
0.586183, -0.603357, -1.675354, , , 
-0.121258, 0.126581, -1.038007, , , 
0.285288, 0.053405, -0.942974, , , 
0.549327, 0.139481, -0.998678, , , 
0.504314, -0.487311, -1.605004, , , 
0.008913, -0.551228, -1.599745, , , 
-0.138278, 0.126820, -1.060761, , , 
0.524718, -0.246112, -1.037344, , , 
0.417061, -0.159645, -1.208220, , , 
-0.927883, 0.073325, -2.251610, , , 
0.546479, 0.286631, -0.922391, , , 
0.590537, -0.605015, -1.714691, , , 
-0.342089, -0.613050, -1.718435, , , 
-0.885223, 0.103970, -2.217861, , , 
0.253869, 0.117898, -0.995069, , , 
0.347361, 0.047279, -1.058859, , , 
0.680342, -0.094327, -1.191743, , , 
-1.021267, 0.078990, -2.477598, , , 
0.435838, -0.384217, -1.503377, , , 
0.255962, 0.142245, -1.029240, , , 
-0.315081, -0.359288, -1.525704, , , 
-0.960017, 0.112856, -2.411419, , , 
0.381705, -0.050104, -1.057546, , , 
0.397191, -0.002048, -1.054754, , , 
0.199201, 0.087911, -1.056591, , , 
0.476627, -0.034800, -1.020332, , , 
0.526855, 0.122678, -1.043762, , , 
1.141749, 0.073779, -1.075019, , , 
0.623610, -0.650858, -1.693171, , , 
0.560626, 0.029622, -1.145477, , , 
0.113782, -0.062252, -1.220639, , , 
0.537866, -0.270935, -1.340120, , , 
0.489531, -0.663978, -1.705729, , , 
0.510116, -1.540365, -3.201488, , , 
0.877245, 0.114395, -1.006682, , , 
0.974210, -0.087794, -1.180362, , , 
-0.015013, -0.318619, -1.449586, , , 
0.240076, 0.129302, -1.027091, , , 
0.348390, -0.131678, -1.258172, , , 
0.210929, 0.232621, -0.927777, , , 
0.586602, -0.102615, -1.197269, , , 
-0.032937, -0.493220, -1.543054, , , 
0.287060, 0.070803, -0.948464, , , 
1.274618, 0.206505, -0.997015, , , 
0.401942, -0.338192, -1.412509, , , 
1.204842, -0.064825, -1.036327, , , 
0.777686, 0.252139, -1.031151, , , 
1.168861, 0.148120, -1.013015, , , 
1.125657, -0.074671, -1.025434, , , 
0.465197, -0.281513, -1.414623, , , 
-0.015126, -0.530796, -1.585782, , , 
0.611026, 0.135879, -1.050029, , , 
0.651128, -0.074694, -1.244469, , , 
0.782355, 0.123289, -1.001908, , , 
0.490441, -0.078788, -1.087227, , , 
0.112569, -1.377263, -2.836726, , , 
0.472957, -0.431946, -1.506967, , , 
1.133523, -0.157577, -0.928973, , , 
0.420064, -0.565257, -1.566997, , , 
0.427163, 0.005944, -1.076697, , , 
0.304942, -0.125796, -1.040277, , , 
0.585596, -0.099784, -1.170508, , , 
0.788259, -0.115673, -1.359032, , , 
0.266002, -0.409624, -1.560777, , , 
1.038790, 0.253666, -0.933618, , , 
0.459568, -1.078918, -2.263896, , , 
1.126913, 0.052154, -1.123451, , , 
0.310295, -0.449231, -1.564467, , , 
1.038450, -0.083330, -1.181616, , , 
0.913579, 0.007121, -1.139155, , , 
0.930648, -0.018660, -1.131887, , , 
0.555192, 0.152170, -0.982922, , , 
1.204489, -0.063650, -1.032836, , , 
0.843451, 0.024082, -1.102237, , , 
0.471245, -0.058923, -1.079790, , , 
1.209713, -0.066391, -1.029939, , , 
0.092198, -0.040908, -1.218495, , , 
1.045263, 0.255929, -0.945997, , , 
0.482510, -0.195447, -1.216290, , , 
1.080419, 0.064291, -1.046968, , , 
0.330273, -0.290489, -1.404233, , , 
0.346087, -0.064029, -1.150272, , , 
0.494774, -0.156855, -1.030664, , , 
0.471858, 0.021029, -1.141160, , , 
1.760998, -0.976586, -1.973484, , , 
1.141399, 0.162674, -1.042310, , , 
0.573410, 0.197425, -1.006809, , , 
0.301047, 0.045004, -0.946732, , , 
0.863826, -0.104303, -1.254864, , , 
1.386711, -0.747081, -1.510023, , , 
1.280670, 0.207083, -1.002526, , , 
0.759081, -0.017272, -1.283624, , , 
1.721569, -0.948746, -1.913760, , , 
0.308984, -0.009749, -0.918138, , , 
1.321427, 0.030596, -1.048191, , , 
0.632779, 0.124219, -0.880168, , , 
0.214473, -0.454963, -1.576617, , , 
1.123010, -0.074570, -1.016630, , , 
1.335812, 0.029277, -1.069908, , , 
1.174269, 0.164462, -1.097313, , , 
0.286632, 0.050735, -0.947083, , , 
1.180779, -0.061321, -0.982037, , , 
1.314338, 0.031417, -1.041192, , , 
1.316783, 0.031580, -1.044451, , , 
1.127844, -0.076620, -1.025678, , , 
0.775015, -0.109462, -1.316658, , , 
0.446822, -0.129240, -1.127951, , , 
0.605022, -0.096404, -1.164380, , , 
1.096811, 0.073681, -1.095896, , , 
1.096091, 0.070933, -1.082634, , , 
0.382557, -0.327037, -1.385687, , , 
1.029153, 0.249110, -0.915224, , , 
0.191405, -0.182234, -1.226477, , , 
1.331322, 0.134736, -1.093435, , , 
1.169316, -0.083029, -1.114227, , , 
0.653420, 0.131342, -0.992755, , , 
1.340485, 0.027883, -1.077535, , , 
1.213630, 0.330813, -0.846472, , , 
0.584719, -0.594651, -1.196755, , , 
1.147282, 0.301622, -0.760166, , , 
1.020687, 0.243729, -0.896521, , , 
0.477376, -0.009342, -1.135101, , , 
0.426369, -0.156104, -1.300802, , , 
1.173992, -0.272146, -0.728787, , , 
1.294618, 0.071958, -1.033218, , , 
1.552729, 0.147650, -0.887329, , , 
0.486183, -0.005436, -1.082010, , , 
0.498238, -0.152412, -1.041094, , , 
0.503200, -0.139746, -0.975294, , , 
1.591532, 0.153033, -0.924339, , , 
0.590405, -0.102543, -1.183584, , , 
1.153162, -0.150687, -0.984232, , , 
1.048895, -0.081816, -1.191244, , , 
1.492592, 0.121159, -1.044069, , , 
0.593559, 0.172183, -0.967927, , , 
1.565538, 0.151230, -0.899399, , , 
0.911475, -0.004402, -1.427466, , , 
0.562593, 0.029225, -1.147748, , , 
0.844521, 0.118151, -0.994751, , , 
1.164885, -0.266492, -0.714749, , , 
1.178031, -0.058490, -0.982956, , , 
1.042803, 0.322872, -0.902126, , , 
0.777671, -0.101009, -1.252491, , , 
1.360440, 0.071772, -0.929306, , , 
0.777304, -0.102595, -1.270146, , , 
1.115561, -0.140265, -0.910503, , , 
0.613635, 0.134570, -0.997632, , , 
1.586691, 0.155738, -0.921024, , , 
0.882367, 0.003493, -1.421865, , , 
0.905513, 0.202683, -0.950313, , , 
1.510762, 0.136040, -1.008747, , , 
1.486344, 0.123419, -1.045073, , , 
1.139341, -0.148966, -0.959994, , , 
1.148399, 0.146188, -0.975022, , , 
1.433005, 0.288293, -0.950389, , , 
0.641598, -0.065110, -1.213926, , , 
1.187456, -0.101628, -1.238139, , , 
1.032087, 0.249657, -0.920634, , , 
1.102318, -0.073575, -1.017780, , , 
0.890589, 0.199624, -0.912946, , , 
1.139046, 0.074841, -1.067716, , , 
1.478967, 0.121464, -1.019109, , , 
0.951149, -0.020972, -1.187100, , , 
0.612050, 0.133504, -0.994111, , , 
1.556466, 0.306891, -0.994326, , , 
1.705492, 0.161588, -1.213271, , , 
1.803882, 0.460885, -1.195163, , , 
2.679825, -1.170567, -2.247756, , , 
0.749671, -0.015820, -1.208538, , , 
1.020085, 0.137951, -0.984742, , , 
1.497274, 0.118191, -1.047280, , , 
1.003993, 0.208450, -0.911651, , , 
1.390427, 0.304443, -0.804257, , , 
1.368938, 0.253862, -0.985675, , , 
2.858540, -1.068732, -2.169258, , , 
1.386732, 0.101562, -0.956980, , , 
1.168225, -0.170679, -0.999148, , , 
1.422493, 0.341441, -0.765241, , , 
0.906369, 0.200048, -0.950377, , , 
1.367914, 0.254799, -0.993106, , , 
0.862651, 0.195537, -0.992706, , , 
1.417938, 0.156285, -1.023489, , , 
0.980646, 0.110871, -1.024994, , , 
0.567407, 0.142340, -1.060747, , , 
1.283133, -0.331799, -0.881515, , , 
1.276357, -0.332423, -0.877015, , , 
1.281226, 0.210373, -1.002832, , , 
0.902883, -0.927654, -1.896401, , , 
1.364960, 0.253812, -0.979343, , , 
0.645968, 0.114665, -0.779247, , , 
1.029138, -0.071556, -1.136322, , , 
1.577765, 0.348110, -1.044962, , , 
1.110056, -0.220771, -0.749832, , , 
1.534035, 0.186222, -0.946502, , , 
1.287133, 0.369073, -0.992811, , , 
1.271130, 0.208302, -0.988675, , , 
2.280903, -0.495206, -1.489414, , , 
1.468879, 0.337095, -0.900861, , , 
1.508288, 0.279950, -0.907460, , , 
0.904845, 0.199914, -0.944701, , , 
1.119014, -0.124474, -0.928840, , , 
2.369111, -1.183511, -2.272914, , , 
0.695371, -0.092405, -1.167221, , , 
0.612367, 0.133988, -0.997939, , , 
1.075877, -0.207509, -0.697241, , , 
1.140616, 0.146432, -0.964830, , , 
1.042380, 0.314011, -0.905477, , , 
1.502956, 0.119036, -1.046750, , , 
1.616464, 0.197228, -0.966053, , , 
1.404441, 0.303055, -0.809706, , , 
0.809052, -0.014534, -1.448646, , , 
0.815497, -0.011530, -1.403479, , , 
0.677972, 0.163673, -0.971727, , , 
0.977490, 0.141130, -0.987157, , , 
1.313489, 0.242855, -0.915912, , , 
2.594937, -0.912198, -2.039431, , , 
1.497830, 0.294515, -0.806116, , , 
0.569358, 0.140907, -0.991221, , , 
1.297211, 0.240035, -0.894233, , , 
1.101000, 0.060342, -1.098520, , , 
1.123075, -0.337670, -0.756727, , , 
1.481963, 0.399425, -0.812022, , , 
2.324325, -0.932450, -2.025657, , , 
0.806057, 0.154629, -0.973348, , , 
0.783241, -0.112605, -1.357282, , , 
1.534980, 0.197341, -0.983489, , , 
2.267503, -0.956541, -1.898611, , , 
0.791757, -0.094808, -1.037661, , , 
1.669814, 0.396415, -1.117761, , , 
1.460918, 0.325205, -0.885111, , , 
1.144103, 0.164947, -1.044488, , , 
0.644659, -0.470679, -0.982422, , , 
1.045532, -0.023402, -1.150269, , , 
0.622048, 0.144805, -0.742380, , , 
1.054730, 0.229852, -0.975091, , , 
2.271451, -0.549108, -1.501522, , , 
2.796908, -1.039479, -2.121980, , , 
1.437543, 0.289671, -0.958850, , , 
2.052156, -0.467200, -1.286479, , , 
1.120985, -0.146375, -0.915773, , , 
1.415208, 0.159269, -1.013031, , , 
2.242802, -0.941815, -1.871819, , , 
0.997183, -0.026167, -1.027357, , , 
0.961427, 0.124299, -1.083616, , , 
1.242411, -0.319233, -0.835274, , , 
1.328896, 0.047607, -0.952296, , , 
0.844197, 0.116255, -0.998724, , , 
0.836937, -0.123768, -1.266637, , , 
1.054583, 0.263154, -0.619711, , , 
0.560960, 0.164358, -0.865392, , , 
1.264129, -0.350304, -1.053242, , , 
1.152540, -0.361049, -0.818037, , , 
1.251338, 0.203760, -0.960843, , , 
0.629135, 0.250049, -0.965895, , , 
2.451067, -0.552106, -1.654786, , , 
1.128777, 0.161366, -1.017752, , , 
0.836948, 0.017876, -1.093147, , , 
1.532214, 0.357572, -0.952375, , , 
1.399589, 0.276599, -0.910031, , , 
0.485680, -0.234416, -0.956151, , , 
1.527904, 0.175389, -1.028316, , , 
0.881001, -0.420496, -0.903840, , , 
1.037631, -0.034027, -1.148312, , , 
0.761508, 0.237268, -0.934035, , , 
0.577777, 0.257659, -0.972642, , , 
0.495466, -0.120672, -1.053649, , , 
0.318942, 0.049377, -0.979033, , , 
1.216337, -0.297953, -0.787224, , , 
2.263836, -0.699919, -1.799562, , , 
0.426493, 0.005623, -1.076442, , , 
0.340943, -0.393826, -1.488847, , , 
0.428103, -0.138668, -1.092696, , , 
0.628298, 0.239419, -0.906363, , , 
0.316630, 0.049038, -0.984241, , , 
1.002910, 0.063863, -1.069558, , , 
1.469393, 0.163009, -1.084604, , , 
2.285267, -0.562773, -1.524162, , , 
2.286199, -0.721165, -1.760214, , , 
0.312420, -0.018674, -1.150795, , , 
0.573305, -0.592206, -1.194880, , , 
1.167302, -0.145620, -1.036627, , , 
1.433471, 0.149224, -1.123882, , , 
0.790866, 0.238451, -0.955197, , , 
0.436935, -0.132698, -1.024758, , , 
0.682393, 0.130328, -0.996787, , , 
0.312560, 0.001884, -0.962705, , , 
0.961706, 0.145742, -1.001568, , , 
0.089052, -0.461922, -1.631507, , , 
1.165000, 0.149328, -1.021692, , , 
0.498812, -0.208980, -1.354172, , , 
0.780333, 0.121936, -1.003288, , , 
0.252683, -0.357978, -1.365388, , , 
-0.202512, -1.060998, -2.200691, , , 
-0.165228, -0.070600, -1.263288, , , 
0.469123, -0.399412, -1.499839, , , 
0.906510, 0.199956, -0.952632, , , 
-0.032357, -0.463999, -1.516323, , , 
0.304373, 0.137521, -1.034709, , , 
0.319590, 0.049065, -0.978586, , , 
-0.207213, -0.544038, -1.631660, , , 
-0.214567, -1.582014, -2.950466, , , 
0.599090, -0.669993, -1.446413, , , 
0.903825, 0.108698, -0.953493, , , 
0.845026, 0.116064, -0.998546, , , 
-0.053620, -0.162440, -1.293744, , , 
-0.055292, -0.121600, -1.255298, , , 
0.241250, -0.456804, -1.573450, , , 
-0.057201, -0.124225, -1.245803, , , 
-0.887567, -1.579677, -3.651335, , , 
0.380067, -0.048930, -1.069078, , , 
0.131744, 0.168986, -1.035710, , , 
-0.145942, -0.454431, -1.521112, , , 
-0.002789, 0.201851, -1.032843, , , 
0.279950, 0.217688, -0.987465, , , 
-0.218365, -0.716824, -1.804440, , , 
0.112911, -0.388060, -1.466034, , , 
0.484137, -0.228879, -0.952420, , , 
0.305638, 0.140578, -1.038215, , , 
0.566213, -0.630838, -1.706114, , , 
-0.203144, -1.069244, -2.222340, , , 
-0.812982, -0.819383, -3.002926, , , 
0.057452, 0.083114, -1.075173, , , 
-0.856434, -0.206427, -2.592229, , , 
0.263326, -0.462099, -1.623034, , , 
0.600014, -0.261311, -1.364354, , , 
0.303085, -0.471010, -1.609615, , , 
-0.191165, -1.019828, -2.116875, , , 
0.383306, -0.463485, -1.592774, , , 
0.610292, -0.378817, -1.482405, , , 
-0.886956, -0.895914, -3.262083, , , 
0.417323, -0.160541, -1.209907, , , 
0.195373, -0.031389, -1.231653, , , 
-0.136144, -0.489489, -1.557146, , , 
0.703699, -0.489363, -1.520715, , , 
0.591402, -0.548038, -1.499674, , , 
0.501808, -0.103605, -1.082788, , , 
0.398197, 0.003488, -1.057783, , , 
-0.210393, -0.556977, -1.655032, , , 
0.528759, -0.117485, -1.159879, , , 
0.022241, -0.354536, -1.480790, , , 
0.094227, -0.302846, -1.422660, , , 
0.110683, -0.558301, -1.627050, , , 
0.249931, 0.113809, -0.965109, , , 
0.197114, 0.084743, -1.082402, , , 
0.096050, -0.288549, -1.357073, , , 
0.334217, -0.531024, -1.584475, , , 
0.626864, -0.382595, -0.799419, , , 
-0.870073, -0.128881, -2.402569, , , 
-0.354040, -1.283544, -2.435316, , , 
0.193567, -0.007758, -0.944656, , , 
0.157974, -0.335363, -1.347196, , , 
-0.123192, 0.130447, -1.055716, , , 
0.381530, 0.042356, -1.075926, , , 
0.621896, -0.380945, -1.514130, , , 
0.576292, -1.188259, -2.501920, , , 
0.635717, -0.389061, -1.542911, , , 
0.029295, -0.441301, -1.567083, , , 
0.551674, -1.137878, -2.385666, , , 
-0.129129, -0.408496, -1.489270, , , 
0.211795, 0.109487, -1.068175, , , 
0.544286, -0.409429, -1.451803, , , 
-0.451126, -1.103582, -2.544944, , , 
0.046907, -0.001361, -1.180324, , , 
0.550355, -1.150734, -2.386587, , , 
0.070370, -0.306179, -1.413625, , , 
0.173840, -0.080865, -1.250580, , , 
0.280117, -0.217369, -1.285695, , , 
0.106512, -0.268887, -1.332516, , , 
0.094527, -0.121186, -1.269247, , , 
-0.668123, 0.039051, -2.099754, , , 
0.169635, -0.267657, -1.297476, , , 
0.075051, 0.131016, -1.085423, , , 
0.567834, -1.111694, -2.333756, , , 
-0.117834, -0.667320, -1.850743, , , 
0.404890, -0.034695, -1.133284, , , 
-0.168116, -0.403657, -1.469089, , , 
0.044620, 0.161775, -1.056896, , , 
-0.045708, -0.433289, -1.241584, , , 
0.246044, -0.439452, -1.550115, , , 
0.128547, 0.168935, -1.030263, , , 
0.338662, -0.158985, -1.253510, , , 
0.663228, -1.129313, -2.182621, , , 
-0.872577, -0.388085, -2.903783, , , 
0.208115, -0.302663, -1.327862, , , 
0.023703, 0.180554, -1.017853, , , 
0.483401, -0.311489, -1.434863, , , 
0.015007, -0.094914, -1.201103, , , 
0.094293, -0.305579, -1.423524, , , 
0.436965, -0.532654, -1.644817, , , 
0.667159, 0.093217, -0.069680, , , 
0.440180, -0.406342, -1.531813, , , 
0.289357, 0.210709, -0.993851, , , 
-0.051721, 0.088254, -1.092510, , , 
0.508809, -0.264671, -1.390037, , , 
-0.017464, -0.091906, -1.215470, , , 
0.958222, 0.142971, -0.994072, , , 
0.853554, -0.101450, -1.219797, , , 
0.481973, -0.070029, -1.066758, , , 
0.309449, -0.022157, -0.986382, , , 
1.142753, -0.043766, -0.983238, , , 
0.888106, -0.120398, -1.370278, , , 
0.718416, -0.036455, -1.191372, , , 
0.916733, 0.205706, -0.900997, , , 
0.402498, -0.035552, -1.145973, , , 
1.072049, -0.004424, -1.132479, , , 
1.033015, 0.250216, -0.913651, , , 
1.015405, 0.213718, -0.934347, , , 
1.198238, 0.324084, -0.862826, , , 
0.876021, 0.152031, -0.976749, , , 
0.906698, 0.208458, -0.890559, , , 
1.256893, 0.202692, -0.973979, , , 
0.934855, -0.118523, -1.368849, , , 
0.547988, 0.284831, -0.929263, , , 
0.312266, -0.019277, -1.143398, , , 
1.055986, 0.327799, -0.913922, , , 
1.107161, -0.074875, -1.029624, , , 
1.049010, -0.026571, -1.130412, , , 
1.265553, 0.204781, -0.986463, , , 
1.136757, 0.163253, -1.031773, , , 
1.170971, -0.140525, -1.005512, , , 
0.995571, 0.140976, -0.980037, , , 
0.616703, 0.171856, -1.032512, , , 
1.299927, 0.039199, -0.911224, , , 
1.286785, -0.159850, -1.181711, , , 
1.508276, 0.295654, -0.936954, , , 
0.746965, -0.013731, -1.196697, , , 
0.923128, 0.144712, -0.978955, , , 
1.136278, 0.148389, -0.992125, , , 
1.526048, 0.181056, -0.939533, , , 
1.475233, 0.288785, -0.785450, , , 
1.521654, 0.275871, -0.794865, , , 
0.824550, 0.118156, -1.000757, , , 
1.526487, 0.312174, -1.069811, , , 
1.506657, 0.180138, -0.915824, , , 
1.596988, 0.148898, -1.088806, , , 
0.941227, 0.195121, -0.794692, , , 
0.802130, 0.142071, -0.837418, , , 
0.637624, 0.168292, -0.974855, , , 
1.547139, 0.145796, -0.882854, , , 
1.155451, -0.122501, -1.004277, , , 
0.814514, 0.115911, -0.945622, , , 
0.898594, 0.115899, -0.998702, , , 
0.782047, 0.140650, -0.827014, , , 
1.135522, -0.138514, -0.932160, , , 
1.336506, 0.246171, -0.953110, , , 
1.324683, 0.245885, -0.934740, , , 
1.491025, 0.135181, -0.983919, , , 
1.212727, 0.327546, -0.879113, , , 
1.263567, -0.016707, -1.008049, , , 
1.187443, 0.317298, -0.840915, , , 
0.909637, 0.171595, -0.692624, , , 
1.519008, 0.276764, -0.793017, , , 
0.558177, 0.154879, -1.023292, , , 
0.552391, -0.070146, -0.943538, , , 
1.341656, 0.251208, -0.949821, , , 
1.008026, -0.077064, -0.706427, , , 
1.122063, -0.098009, -0.923786, , , 
1.028031, 0.248772, -0.903244, , , 
1.443695, 0.142956, -0.977092, , , 
1.041756, 0.148659, -0.985717, , , 
0.324424, 0.117052, -1.064493, , , 
0.425464, -0.156182, -1.288808, , , 
0.351512, -0.152350, -1.292076, , , 
1.405790, 0.103695, -0.965582, , , 
0.468327, -0.201477, -1.240149, , , 
0.363657, 0.296098, -0.922755, , , 
0.437077, 0.309422, -0.906870, , , 
0.686525, 0.130114, -1.002985, , , 
0.869712, 0.025453, -1.144597, , , 
0.473209, -0.426602, -1.491251, , , 
0.393649, 0.055194, -1.060231, , , 
-0.072445, -0.233211, -1.350881, , , 
-0.000375, 0.300054, -0.946221, , , 
0.593011, 0.137378, -1.005692, , , 
0.023857, -0.341192, -1.472095, , , 
0.343552, -0.361191, -1.290942, , , 
0.085647, 0.065789, -1.154208, , , 
0.475977, 0.202509, -0.998419, , , 
0.020541, 0.025144, -1.137904, , , 
0.086916, 0.189122, -1.016661, , , 
0.256586, 0.217108, -0.968003, , , 
-0.141721, -0.501576, -1.591449, , , 
0.551718, 0.175141, -0.977985, , , 
0.482180, -0.068533, -1.079160, , , 
0.911947, 0.010192, -1.138296, , , 
0.286813, 0.200484, -0.979521, , , 
0.196140, 0.044900, -1.008127, , , 
-0.010625, 0.185916, -1.032355, , , 
-0.051091, -0.173031, -1.299736, , , 
0.781437, 0.122583, -1.004669, , , 
0.043082, 0.160632, -1.059150, , , 
0.289363, 0.211500, -0.990224, , , 
0.569141, -0.234407, -1.308673, , , 
0.047095, 0.001599, -1.168428, , , 
0.595596, -0.623253, -1.730148, , , 
0.425448, -0.448992, -1.557886, , , 
0.089793, -0.432475, -1.548054, , , 
0.666188, -0.510230, -1.575359, , , 
0.386466, -0.113851, -1.053104, , , 
0.019577, -0.122828, -1.250022, , , 
0.166961, -0.268322, -1.312216, , , 
-0.127922, -0.144322, -1.280833, , , 
0.355357, -0.087097, -1.109990, , , 
0.514072, -0.094270, -1.089212, , , 
0.572777, 0.179470, -1.034818, , , 
-0.026643, 0.134706, -1.062031, , , 
-0.141012, 0.121723, -1.042779, , , 
0.157341, -1.000861, -2.053116, , , 
-0.047733, -0.617703, -1.681773, , , 
-0.071079, -0.230924, -1.350928, , , 
0.381069, 0.043921, -1.072230, , , 
0.619232, -0.353490, -1.456204, , , 
0.448083, -0.439838, -1.553565, , , 
0.569408, -0.234137, -1.311902, , , 
0.114580, -0.526028, -1.657419, , , 
0.488624, -0.341674, -1.452415, , , 
-0.198172, -0.516077, -1.634294, , , 
0.687065, 0.130088, -1.004630, , , 
0.745796, -0.949129, -2.021160, , , 
0.505104, -0.102947, -1.044194, , , 
0.489713, -0.342202, -1.447080, , , 
0.870235, -0.523529, -1.037468, , , 
0.115253, -1.220206, -2.541672, , , 
-0.137830, -1.567256, -2.941674, , , 
0.497204, -0.099360, -1.053311, , , 
0.088863, -0.036116, -1.247117, , , 
0.111334, 0.060784, -1.103325, , , 
0.530279, -0.024867, -1.051454, , , 
0.588335, -0.605583, -1.664361, , , 
0.169042, -0.270705, -1.306361, , , 
-0.139771, -0.205691, -1.332792, , , 
0.558138, -0.431496, -1.504009, , , 
0.894995, -0.072465, -1.054250, , , 
0.459770, -0.020597, -1.057991, , , 
0.534038, -0.174048, -1.184096, , , 
-0.140058, -0.207815, -1.334128, , , 
-0.265653, -0.661981, -1.759760, , , 
0.167841, -0.267558, -1.303261, , , 
0.835674, -1.356535, -2.290449, , , 
0.722725, -0.042188, -1.187008, , , 
0.767228, 0.239839, -0.921534, , , 
0.021916, -0.094850, -1.197868, , , 
0.115478, -0.522972, -1.643840, , , 
-0.470901, -1.242105, -2.536001, , , 
0.292958, -0.497005, -1.617045, , , 
-0.276421, -0.646106, -1.725837, , , 
0.636650, 0.249383, -0.922454, , , 
0.669652, -0.086522, -1.059195, , , 
0.178491, -0.062813, -1.213163, , , 
0.533519, -0.171828, -1.197468, , , 
-0.162473, -0.604205, -1.674126, , , 
0.463683, -0.416911, -1.487794, , , 
0.492296, -0.343868, -1.449359, , , 
-0.222702, -0.756995, -1.867589, , , 
0.252020, 0.219304, -0.991957, , , 
0.667013, 0.227281, -0.934415, , , 
0.565256, -0.247833, -1.319691, , , 
0.535444, 0.111850, -1.044862, , , 
-0.315326, -0.552947, -1.724437, , , 
-0.031566, 0.298359, -0.936781, , , 
-0.137800, 0.286395, -0.970672, , , 
0.775573, 0.012859, -1.120622, , , 
-0.098796, 0.147708, -1.026916, , , 
0.288094, 0.209385, -0.998172, , , 
0.102792, 0.348022, -0.895502, , , 
0.410833, 0.011978, -1.046422, , , 
0.604491, -0.484777, -1.577545, , , 
0.438359, 0.307669, -0.904516, , , 
-0.054052, 0.214489, -0.979306, , , 
0.496168, 0.023632, -1.147691, , , 
0.588561, 0.216903, -0.937213, , , 
0.290541, 0.212608, -0.991399, , , 
-0.136187, 0.286053, -0.961007, , , 
0.332154, 0.340694, -0.889142, , , 
-0.029713, 0.292945, -0.941016, , , 
1.010126, 0.059880, -1.078702, , , 
0.892993, 0.219244, -0.948108, , , 
0.023618, -0.345592, -1.440793, , , 
0.804275, 0.155697, -0.971254, , , 
0.548796, 0.138885, -0.999734, , , 
0.176523, 0.239126, -0.950266, , , 
0.101503, 0.348168, -0.897465, , , 
0.785427, 0.123184, -1.010251, , , 
-0.202907, 0.189538, -1.029603, , , 
0.875474, 0.115620, -1.002077, , , 
0.471289, -0.194974, -1.249342, , , 
0.740696, 0.239060, -0.875695, , , 
0.641266, 0.251663, -0.931509, , , 
0.097867, 0.314557, -0.907367, , , 
-0.024492, 0.403387, -0.932302, , , 
0.642239, -0.091544, -1.276777, , , 
0.643984, 0.167443, -0.989422, , , 
0.806855, 0.155370, -0.974813, , , 
0.629869, -0.082093, -1.237413, , , 
0.477299, -0.650207, -1.747864, , , 
0.390120, -0.128120, -1.085703, , , 
0.053367, 0.303997, -0.933939, , , 
0.550685, 0.140176, -1.000885, , , 
0.166739, 0.396707, -0.853229, , , 
0.126533, 0.125039, -1.078411, , , 
0.086438, 0.186983, -1.018407, , , 
0.177541, -0.066402, -1.209835, , , 
0.285744, -0.018154, -0.868773, , , 
0.212735, 0.113483, -1.035169, , , 
0.188701, -0.111270, -1.057372, , , 
0.330326, 0.018325, -0.987206, , , 
0.097220, 0.349232, -0.914805, , , 
0.084153, -0.043921, -1.165642, , , 
0.301348, 0.398885, -0.847606, , , 
-0.010162, -0.177405, -1.303708, , , 
0.464300, -0.197150, -1.253386, , , 
-0.065570, -0.173759, -1.286150, , , 
0.383493, -0.343382, -1.412276, , , 
-0.078470, -0.183556, -1.319010, , , 
-0.167250, -0.409122, -1.477826, , , 
0.025847, -0.420744, -1.489862, , , 
0.332124, -0.291101, -1.416415, , , 
0.094660, 0.055387, -1.132476, , , 
0.684654, 0.225706, -0.931151, , , 
0.294369, -0.297484, -1.314533, , , 
0.683869, 0.185617, -1.000486, , , 
0.732633, -1.023095, -1.894826, , , 
-0.199885, -1.548815, -2.884235, , , 
-0.132257, -0.117779, -1.252245, , , 
0.169089, -0.085870, -1.258798, , , 
0.786319, -1.138457, -2.136436, , , 
0.426147, -0.145684, -1.216594, , , 
0.873850, -0.082917, -1.014366, , , 
-0.235005, -0.690462, -1.775923, , , 
0.157689, -0.446449, -1.608608, , , 
-0.013539, -0.564681, -1.619757, , , 
-0.021659, -0.656562, -1.739810, , , 
0.501817, -0.385920, -0.771661, , , 
0.581908, -1.330350, -2.812830, , , 
-0.310612, -1.870041, -3.023137, , , 
-0.253223, -1.717034, -2.747822, , , 
-0.148644, -0.183229, -1.315778, , , 
0.582513, -0.980454, -1.765953, , , 
0.439980, -0.438835, -1.539825, , , 
0.182965, -0.142739, -1.121482, , , 
-0.225040, -1.596692, -2.972309, , , 
-0.179718, -0.403533, -1.480102, , , 
-0.514160, -1.291997, -2.658349, , , 
0.413813, -0.150593, -1.134649, , , 
0.539207, -0.574934, -1.655191, , , 
0.001468, -0.415153, -1.483908, , , 
0.803506, -0.546045, -1.094565, , , 
0.074883, -0.330436, -1.508852, , , 
0.013462, -0.136317, -1.273395, , , 
0.109173, -0.363427, -1.383075, , , 
0.408017, -0.075246, -1.171138, , , 
-0.118147, -0.433810, -1.855436, , , 
0.243655, -0.158062, -1.099887, , , 
0.098004, -0.044824, -1.195668, , , 
0.175572, -0.092394, -1.210549, , , 
0.636852, -0.487964, -1.060646, , , 
0.044619, -0.404098, -1.787656, , , 
0.791269, -0.542419, -1.082247, , , 
0.775390, -0.530930, -1.047344, , , 
0.665112, -0.509456, -1.134636, , , 
0.536160, -0.173764, -1.191604, , , 
-0.349689, -1.287040, -2.433389, , , 
0.037127, -0.191536, -1.324707, , , 
0.775352, -0.099976, -0.998219, , , 
-0.069186, -0.231281, -1.342357, , , 
0.278814, -0.158705, -1.307002, , , 
0.842946, 0.020738, -1.102187, , , 
0.422929, -0.146265, -1.187569, , , 
0.500625, -1.334865, -2.063901, , , 
0.786688, -0.377643, -0.735836, , , 
0.942843, 0.040664, -1.494645, , , 
0.840798, -1.206490, -1.819557, , , 
0.637099, -1.149436, -2.158457, , , 
0.554039, -0.278110, -1.368031, , , 
0.276076, -0.162995, -1.260310, , , 
0.079155, -0.362125, -1.391209, , , 
-0.254054, -1.723681, -2.764477, , , 
0.011444, -1.713899, -2.762793, , , 
0.304390, -0.125216, -1.039300, , , 
-0.114897, -0.150053, -1.246333, , , 
0.728947, -0.554611, -1.347557, , , 
0.149286, -1.228869, -2.431963, , , 
0.369473, -0.450021, -1.556161, , , 
0.245607, -0.163503, -1.075784, , , 
0.839701, -1.362741, -2.298551, , , 
0.305058, -0.124635, -1.042244, , , 
0.557613, -0.413225, -1.510385, , , 
0.798887, -0.547212, -1.094601, , , 
-0.216766, -1.081192, -2.252990, , , 
0.556349, -0.429915, -1.478238, , , 
0.775849, -0.101094, -0.996284, , , 
-0.130502, -0.543493, -1.607013, , , 
0.629502, -0.378374, -0.806068, , , 
-1.184857, -1.445049, -3.645381, , , 
-0.054196, -0.437915, -1.485045, , , 
0.642282, -0.088149, -1.064425, , , 
0.351000, -0.148648, -1.222154, , , 
0.593092, -0.475380, -1.516204, , , 
-0.111846, -0.203400, -1.332107, , , 
0.630311, -0.378507, -0.808622, , , 
-0.091917, -1.703532, -2.806008, , , 
0.630817, -0.092399, -1.038702, , , 
0.894960, -0.076511, -1.047977, , , 
-0.002487, -0.162937, -1.286566, , , 
0.645507, -1.880411, -3.818081, , , 
1.328366, -1.184982, -1.758862, , , 
0.520835, -0.981942, -2.041572, , , 
-0.252180, -0.683856, -1.767668, , , 
0.043248, 0.143868, -1.066123, , , 
-0.842435, -0.206898, -2.537441, , , 
-0.048401, -0.175159, -1.296006, , , 
0.074003, 0.160371, -1.060229, , , 
0.090867, 0.159459, -1.050780, , , 
0.095721, -0.303614, -1.434793, , , 
0.608450, 0.252909, -0.919704, , , 
0.470356, -0.052411, -1.022909, , , 
0.010923, 0.176464, -1.035138, , , 
0.065358, 0.186690, -1.026163, , , 
0.397492, 0.199535, -1.037495, , , 
0.363319, -0.101469, -1.056133, , , 
-0.181684, -0.625763, -1.724841, , , 
-0.136279, -0.205763, -1.326124, , , 
0.097742, 0.111813, -1.084608, , , 
0.549536, 0.176342, -0.969166, , , 
0.101484, -0.118132, -1.234190, , , 
0.412598, 0.013042, -1.042435, , , 
0.481226, -0.224145, -1.330528, , , 
0.166683, 0.399416, -0.851047, , , 
0.509104, 0.387918, -0.833144, , , 
-0.031137, 0.411195, -0.954536, , , 
0.682178, 0.221742, -0.922865, , , 
-0.176552, 0.382070, -0.955603, , , 
1.145741, -0.116700, -1.458319, , , 
0.834733, -0.081171, -1.057353, , , 
0.314628, 0.385563, -0.825445, , , 
0.709763, -0.079943, -1.047893, , , 
0.749607, -0.103536, -1.132909, , , 
0.207022, 0.374143, -0.882345, , , 
0.388412, 0.321946, -0.888849, , , 
-0.062062, -0.314178, -1.431112, , , 
0.345316, 0.084096, -1.105846, , , 
0.590563, 0.149493, -0.989929, , , 
-0.200524, 0.186664, -1.024399, , , 
0.317148, 0.386418, -0.832782, , , 
0.104056, 0.345814, -0.875332, , , 
0.018688, 0.271613, -0.958971, , , 
0.532665, 0.386590, -0.839039, , , 
0.017642, 0.160241, -1.066176, , , 
0.191579, -0.345078, -1.499511, , , 
0.332286, 0.327909, -0.895057, , , 
-0.184284, 0.379299, -0.962582, , , 
0.890488, 0.218426, -0.943928, , , 
0.137024, 0.167543, -0.997607, , , 
-0.027942, 0.410230, -0.947119, , , 
0.166651, 0.398760, -0.851428, , , 
0.481372, -0.063059, -1.064294, , , 
0.165620, 0.393331, -0.851269, , , 
0.873215, 0.726863, -1.564839, , , 
0.165716, 0.400211, -0.862956, , , 
-0.078066, 0.215967, -0.931089, , , 
-0.048295, 0.080955, -1.096783, , , 
-0.116320, 0.141994, -1.074411, , , 
0.253497, 0.101428, -0.981221, , , 
0.636144, -0.076733, -1.224745, , , 
0.017454, -0.135836, -1.251069, , , 
0.128898, 0.122462, -1.089346, , , 
0.544042, 0.285000, -0.915844, , , 
-0.044232, 0.376103, -0.914457, , , 
-0.056320, 0.088528, -1.082381, , , 
0.054205, 0.304047, -0.924607, , , 
0.114196, 0.075463, -1.090852, , , 
0.098811, 0.314592, -0.900195, , , 
0.550484, 0.235786, -0.988892, , , 
0.436971, 0.322718, -0.887024, , , 
0.296439, 0.062441, -0.944758, , , 
0.631188, -0.087817, -1.065514, , , 
-0.051106, 0.205089, -0.969827, , , 
0.093051, 0.125691, -1.079509, , , 
0.316529, 0.410488, -0.897475, , , 
-0.029025, 0.295679, -0.933199, , , 
0.309276, 0.403227, -0.869437, , , 
-0.054780, 0.205601, -0.981832, , , 
0.242321, 0.083708, -1.006818, , , 
0.607809, 0.251903, -0.917107, , , 
0.029945, -0.130699, -1.559391, , , 
0.291984, -0.035842, -0.948265, , , 
0.075255, -0.002833, -1.174820, , , 
0.030646, -0.330584, -1.454273, , , 
0.018677, 0.056550, -1.129368, , , 
0.131233, 0.125736, -1.055976, , , 
0.813003, 0.235631, -0.949034, , , 
0.088164, -0.009755, -1.197770, , , 
1.238929, 1.396446, -2.748074, , , 
1.576145, 1.226865, -2.621984, , , 
0.199845, 0.388748, -0.842541, , , 
0.979867, 1.301019, -2.882875, , , 
0.710699, 1.256367, -2.490235, , , 
0.250347, 0.856575, -1.791397, , , 
0.178726, 0.399258, -0.873662, , , 
1.126300, 1.271989, -2.453214, , , 
0.778304, 0.799776, -1.678390, , , 
0.539812, 0.386962, -0.844502, , , 
1.415768, 1.692085, -2.995903, , , 
0.383580, 0.044329, -1.081325, , , 
0.084962, 0.187808, -1.027418, , , 
-0.212161, 0.952458, -2.039575, , , 
0.118748, 1.272259, -2.613811, , , 
1.099820, 0.836952, -1.624633, , , 
0.466685, 1.101953, -2.502444, , , 
0.266763, 1.113456, -2.622815, , , 
0.878042, 0.115190, -1.007504, , , 
0.253476, 0.101949, -0.979342, , , 
0.922226, 0.111494, -1.004285, , , 
0.640941, 0.248747, -0.929402, , , 
1.168798, 1.321658, -2.567500, , , 
0.321911, 0.118839, -1.057907, , , 
0.258719, 0.148988, -1.010040, , , 
0.792628, 1.428340, -2.912365, , , 
-0.061033, 0.241715, -0.995986, , , 
0.710848, 1.259186, -2.499699, , , 
0.917274, 0.871990, -1.695357, , , 
0.273578, 1.062409, -2.479556, , , 
0.536038, 0.385141, -0.838471, , , 
0.116033, 0.086461, -1.056017, , , 
-0.060857, 0.243274, -0.996620, , , 
0.094186, -0.010605, -1.191584, , , 
0.880161, 0.219461, -0.931288, , , 
1.502871, 1.184183, -2.507347, , , 
0.881160, 0.149328, -0.986462, , , 
0.090231, 0.157116, -1.057579, , , 
0.386984, 0.065146, -1.125134, , , 
1.357829, 1.078547, -2.224873, , , 
0.728394, 0.934843, -2.071922, , , 
0.307851, 0.150666, -1.017604, , , 
0.259771, 0.961645, -2.172438, , , 
-0.016807, 0.046914, -1.157729, , , 
0.393487, 0.222190, -0.985365, , , 
0.259917, 0.941627, -2.092742, , , 
-0.063970, -0.176258, -1.298003, , , 
0.661875, 0.844508, -1.770930, , , 
0.351521, -0.070491, -1.076226, , , 
0.509658, 0.238328, -0.863978, , , 
1.331670, 1.073076, -2.168268, , , 
1.126676, 0.954115, -1.532553, , , 
0.307875, 0.373329, -0.814024, , , 
-0.031799, 0.411295, -0.961719, , , 
0.470057, 0.831008, -1.713300, , , 
1.070518, 0.885356, -1.666716, , , 
-0.051397, -0.174916, -1.301199, , , 
0.779058, 0.158352, -0.960479, , , 
0.076445, -0.013229, -1.194521, , , 
0.114937, 0.079520, -1.085371, , , 
0.888845, 0.746016, -1.581958, , , 
-0.185688, 0.762331, -1.715320, , , 
0.674820, 0.141567, -0.971497, , , 
0.445132, -0.591536, -1.615241, , , 
0.053302, 0.303920, -0.932665, , , 
0.185312, -0.325666, -1.344356, , , 
-0.032178, -0.666699, -1.773410, , , 
0.655205, 0.165102, -0.968803, , , 
-0.070525, -0.231914, -1.347435, , , 
-0.152123, 0.329171, -0.930016, , , 
0.682633, 0.130381, -0.996675, , , 
0.251601, 0.115429, -0.976990, , , 
0.329819, 0.294949, -0.916719, , , 
0.343683, 0.202964, -1.007610, , , 
0.653874, -0.085334, -1.094025, , , 
0.640141, -0.091336, -1.053439, , , 
-0.177999, -0.618362, -1.709706, , , 
0.437071, -1.004431, -2.100183, , , 
0.717995, -0.919375, -1.945248, , , 
0.435654, -0.997396, -2.080039, , , 
0.132192, -0.076665, -1.239502, , , 
0.048686, -0.006420, -1.193914, , , 
0.386195, -0.443802, -1.528818, , , 
0.875320, -0.524381, -1.043552, , , 
-0.037971, -0.612278, -1.651347, , , 
-0.128716, -0.606476, -1.726003, , , 
-0.242468, -0.691029, -1.782605, , , 
0.781624, -0.098340, -1.008206, , , 
0.480745, -0.308711, -1.404664, , , 
0.637238, -0.609229, -1.755457, , , 
0.311744, -0.023355, -1.126366, , , 
-0.337913, -0.610392, -1.706600, , , 
-0.078053, -0.620493, -1.697955, , , 
0.600183, -0.460207, -1.567504, , , 
-0.031872, -0.482682, -1.526828, , , 
0.330528, -0.106742, -1.231578, , , 
0.004744, -0.410850, -1.456412, , , 
-0.172526, -0.470465, -1.612463, , , 
0.037696, -0.241033, -1.354892, , , 
0.557135, -0.169636, -1.289371, , , 
0.465537, -0.638657, -1.711836, , , 
0.075400, -0.002681, -1.171708, , , 
0.763121, 0.009272, -1.162370, , , 
0.881837, -1.281927, -1.955633, , , 
0.389629, -0.107482, -1.028611, , , 
0.001673, -1.749134, -2.827970, , , 
-0.516115, -1.320564, -2.488909, , , 
0.136132, -0.081062, -1.244188, , , 
0.168164, -0.113931, -1.188236, , , 
0.176519, -0.094601, -1.192828, , , 
0.798253, -0.676465, -1.015122, , , 
0.444469, -1.024797, -2.145515, , , 
-0.185666, -0.633062, -1.753128, , , 
-0.205410, -0.338419, -1.509142, , , 
0.026365, -0.130787, -1.268090, , , 
-1.211646, -1.480518, -3.740250, , , 
-0.127755, -0.144270, -1.279817, , , 
0.602743, -0.339914, -1.411013, , , 
0.538525, -0.584737, -1.670247, , , 
0.595232, -0.298259, -1.373852, , , 
0.195028, 0.023224, -0.980602, , , 
0.145708, -1.054733, -2.179048, , , 
0.563225, 0.260032, -0.935452, , , 
-0.072613, -0.330709, -1.479023, , , 
0.474898, 0.203088, -1.000509, , , 
0.287425, 0.069392, -0.950637, , , 
-0.006721, -0.173968, -1.296545, , , 
0.245353, 0.013812, -0.948684, , , 
0.285345, -0.240860, -1.325039, , , 
-0.161046, -0.100372, -1.240227, , , 
0.787030, 0.122024, -1.015900, , , 
0.029619, 0.160269, -1.004234, , , 
0.035980, -0.340326, -1.431314, , , 
-0.220032, -0.311508, -1.485330, , , 
-0.139956, 0.236435, -0.971779, , , 
0.671625, 0.896749, -1.724786, , , 
0.794278, 0.938966, -1.796126, , , 
0.230015, 0.369752, -0.953413, , , 
0.306559, -0.139462, -1.090130, , , 
0.284021, 0.058572, -0.921379, , , 
0.502224, 0.388634, -0.833207, , , 
0.651175, -0.084770, -1.084881, , , 
0.332884, 0.331478, -0.896049, , , 
0.306035, -0.137928, -1.085452, , , 
0.251134, -0.406695, -1.504230, , , 
0.205200, -0.086829, -1.100342, , , 
0.944965, -0.040853, -1.139897, , , 
-0.300757, -0.550364, -1.711264, , , 
0.322400, 0.118699, -1.044595, , , 
0.250402, -0.390252, -1.461109, , , 
-0.044451, 0.109807, -1.083515, , , 
0.060890, 0.148441, -1.051941, , , 
0.194644, -0.162042, -1.148987, , , 
0.193317, 0.020855, -0.995289, , , 
-0.120533, 0.288809, -0.945241, , , 
0.305747, -0.124789, -1.044226, , , 
0.307914, -0.142222, -1.099457, , , 
0.027986, 0.177828, -1.039651, , , 
0.189376, -0.109198, -1.063178, , , 
0.559234, 0.264491, -0.990369, , , 
0.194914, -0.268982, -1.314813, , , 
0.319237, 0.395864, -0.845706, , , 
0.522933, 0.237058, -0.899211, , , 
0.536650, 0.143505, -0.956335, , , 
0.388808, -0.061823, -1.113253, , , 
0.323002, 0.395770, -0.835829, , , 
0.301525, -0.104523, -0.976473, , , 
-0.034186, 0.114177, -1.053909, , , 
0.913827, -0.029844, -1.098016, , , 
0.537515, 0.371991, -0.825296, , , 
0.065800, 0.182613, -1.024585, , , 
0.181215, -0.055630, -1.135845, , , 
0.065586, 0.163002, -1.021317, , , 
-0.183367, -0.412639, -1.499270, , , 
0.553860, -0.200219, -1.280502, , , 
-0.099220, 0.177870, -0.974375, , , 
-0.026589, -0.429348, -1.466429, , , 
0.833259, 0.152956, -0.980847, , , 
0.619014, -0.001974, -0.930311, , , 
0.204611, -0.014738, -0.975599, , , 
-0.058786, 0.377243, -0.905698, , , 
-0.135273, -0.117639, -1.256276, , , 
0.336636, 0.309118, -1.016013, , , 
0.639527, 0.238426, -0.937998, , , 
-0.049668, 0.370900, -0.880700, , , 
0.075766, 0.135453, -1.079529, , , 
0.268585, 0.333344, -0.940093, , , 
0.210128, -0.073916, -1.059809, , , 
0.267330, 0.322583, -0.880997, , , 
0.836916, 0.150911, -0.920581, , , 
0.113524, -0.364583, -1.396643, , , 
0.518781, -0.078937, -0.935342, , , 
0.354247, 0.050349, -1.071061, , , 
0.241011, 0.000732, -0.996006, , , 
-0.098795, 0.179188, -0.977262, , , 
0.533183, 0.273103, -0.895415, , , 
0.229343, -0.031114, -0.859909, , , 
-0.010518, 0.086729, -1.084113, , , 
0.624466, 0.497691, -0.949757, , , 
0.617835, 0.251082, -0.943056, , , 
0.594316, 0.171893, -0.970056, , , 
0.591233, 0.137431, -1.002039, , , 
0.380977, -0.053152, -1.057801, , , 
0.017900, 0.275369, -0.965761, , , 
0.471561, 0.833168, -1.728243, , , 
0.403513, 0.069179, -1.098451, , , 
0.306982, 0.002249, -0.945569, , , 
0.192633, 0.017653, -1.013106, , , 
0.345294, -0.057870, -1.122358, , , 
0.919312, -0.032174, -1.103687, , , 
-0.010146, 0.189877, -1.027051, , , 
0.206804, -0.072065, -1.061850, , , 
0.717033, -0.071434, -1.012143, , , 
-0.050114, 0.205756, -0.965519, , , 
0.772599, 0.159057, -0.986456, , , 
0.718139, -0.073493, -1.016526, , , 
0.636521, 0.850399, -1.598813, , , 
0.717321, -0.071245, -1.012073, , , 
0.356710, 0.046824, -1.100585, , , 
0.342317, 0.225481, -0.983534, , , 
0.405162, -0.153397, -1.096199, , , 
0.293813, -0.299636, -1.327947, , , 
0.611811, 0.253643, -0.924274, , , 
0.329649, -0.279890, -1.378188, , , 
0.744112, -0.085695, -1.061676, , , 
0.185507, 0.240769, -0.979472, , , 
0.396174, 0.201802, -1.007718, , , 
0.444996, 0.004980, -1.114999, , , 
0.344441, -0.059737, -1.133325, , , 
0.573358, 0.023741, -1.154484, , , 
0.395423, 0.313827, -0.885136, , , 
0.194155, 0.021186, -0.991980, , , 
0.020609, 0.271650, -0.952155, , , 
0.311384, 0.033675, -0.952645, , , 
0.686867, -0.092613, -1.089745, , , 
0.428509, 0.016323, -1.021447, , , 
0.542001, 0.582628, -0.971244, , , 
0.631864, -0.079259, -1.231395, , , 
0.294904, -0.260478, -1.296762, , , 
0.104177, -0.122373, -1.275205, , , 
0.234632, 0.134048, -1.278731, , , 
0.244763, 0.067391, -0.950889, , , 
0.531104, 0.334416, -0.875323, , , 
0.522053, 0.238777, -0.890284, , , 
-0.165191, 0.197206, -0.989638, , , 
0.260199, 0.153851, -1.072376, , , 
0.003250, -0.361903, -1.461389, , , 
-0.158580, 0.284891, -0.965714, , , 
0.047249, -0.154262, -1.224434, , , 
0.055722, 0.303875, -0.924915, , , 
0.404692, -0.106123, -1.116584, , , 
0.244040, -0.424296, -1.474574, , , 
0.122868, -0.140989, -1.227611, , , 
0.120994, -0.349980, -1.357109, , , 
0.302035, 0.066152, -0.747943, , , 
0.241879, 0.060821, -0.971922, , , 
0.723902, 0.018425, -1.028589, , , 
-0.052265, 0.229900, -0.983876, , , 
0.547142, 0.139358, -0.997522, , , 
0.063440, -0.303443, -1.442601, , , 
0.745017, 0.012548, -1.070197, , , 
-0.038568, 0.132800, -1.097866, , , 
0.052016, 0.210698, -1.011854, , , 
0.542426, -0.392912, -1.451273, , , 
0.526571, 0.362603, -0.796217, , , 
0.101238, -0.381246, -1.428702, , , 
0.506824, 0.390716, -0.840238, , , 
1.222700, -0.101743, -1.588039, , , 
0.530344, 0.334389, -0.877192, , , 
-0.142153, 0.203508, -0.952656, , , 
0.012752, 0.077423, -1.122014, , , 
0.691619, -0.090785, -1.084958, , , 
0.184575, -0.050446, -1.141419, , , 
0.174000, 0.239439, -0.950824, , , 
0.840655, -0.147189, -1.549068, , , 
0.413555, 0.340705, -0.908939, , , 
-0.072928, 0.203110, -0.943769, , , 
0.516640, -0.087588, -1.051676, , , 
0.532677, 0.337419, -0.887222, , , 
0.907206, -0.104737, -1.174798, , , 
0.545555, 0.115638, -1.116504, , , 
0.116787, -0.349681, -1.356113, , , 
0.511111, 0.243249, -0.841707, , , 
0.380570, -0.128403, -1.076408, , , 
0.642357, -0.074674, -1.198551, , , 
0.508010, 0.306886, -0.920021, , , 
0.244221, 0.082333, -0.975036, , , 
0.009906, 0.083710, -1.111936, , , 
0.680306, 0.204506, -0.934395, , , 
0.421894, -0.107785, -1.107194, , , 
0.411866, 0.338060, -0.894187, , , 
0.714975, 0.161559, -0.961790, , , 
0.179861, 0.240674, -0.962889, , , 
0.542186, 0.374368, -0.837232, , , 
0.654418, 0.191745, -0.998980, , , 
-0.086462, -0.084509, -0.981967, , , 
0.829126, -0.076158, -1.037939, , , 
0.054760, 0.047704, -1.117683, , , 
0.305743, 0.006255, -0.924213, , , 
0.053926, 0.072313, -1.104300, , , 
-0.131428, -0.431663, -1.495965, , , 
0.245148, 0.016632, -0.948885, , , 
0.361239, -0.320750, -1.364911, , , 
0.191734, 0.180625, -0.565857, , , 
-0.130069, 0.233223, -0.942379, , , 
0.400854, 0.317361, -0.909148, , , 
0.224324, 0.219017, -0.914157, , , 
0.683053, 0.278829, -0.924087, , , 
0.305685, 0.003989, -0.931398, , , 
0.592423, -0.067114, -1.118011, , , 
0.472887, 0.286524, -0.904827, , , 
0.141675, 0.217752, -0.851205, , , 
0.151240, -0.073012, -1.163703, , , 
0.104735, -0.129811, -1.278380, , , 
0.196826, 0.067745, -1.032343, , , 
0.501464, -0.258274, -1.303888, , , 
0.694061, 0.238733, -0.932105, , , 
